metric,value
overall_mse,0.9086826830774267
overall_mae,0.2887401320455069
